year,podium
2008,0.18815331010452963
2009,0.1827956989247312
2010,0.1642651296829971
2011,0.15240641711229946
2012,0.14925373134328357
2013,0.15447154471544716
2014,0.1743119266055046
2015,0.18811881188118812
2016,0.16449086161879894
2017,0.1910828025477707
2018,0.18529411764705883
2019,0.17027027027027028
2020,0.17770034843205576
2021,0.17010309278350516
2022,0.17553191489361702
2023,0.17098445595854922
2024,0.16705336426914152
